ID,Link
134,https://1drv.ms/v/s!AqlaASx01sJzhpMp21XK_DRAYaZEkg?e=GW26d8
135,
136,https://1drv.ms/v/s!AqlaASx01sJzhpRE6bJpKuSzRCwBtA?e=pG2ohD
137,https://1drv.ms/v/s!AqlaASx01sJzhpRAFaH-PzK74BcUOg?e=ZHMjz6
138,https://1drv.ms/v/s!AqlaASx01sJzhpRB4gzRuHSrWlQzVw?e=0pSC4W
139,https://1drv.ms/v/s!AqlaASx01sJzhpQ8Y4_KUjeZ26Ol1A?e=Bb6HNp
140,https://1drv.ms/v/s!AqlaASx01sJzhpQ9Ms7FZ_JjeNzNIg?e=adBirT
141,https://1drv.ms/v/s!AqlaASx01sJzhpQ-mnusasz36WlT7w?e=dG5NHk
142,https://1drv.ms/v/s!AqlaASx01sJzhpQ7Stl63VAkS83NnQ?e=K6dexM
143,https://1drv.ms/v/s!AqlaASx01sJzhpQ6VAvpHEDhq8q44w?e=bI8c4p
144,https://1drv.ms/v/s!AqlaASx01sJzhpQ44iukUhK1bd_pOw?e=F1UD00
145,https://1drv.ms/v/s!AqlaASx01sJzhpQ5_m6_1cVjBV0eQw?e=dEKtWo
146,https://1drv.ms/v/s!AqlaASx01sJzhpQ36G-QYH8pECQpIw?e=wHKVFR
147,https://1drv.ms/v/s!AqlaASx01sJzhpQ1MWqVX6Iqx6-1tg?e=1ryf81
148,https://1drv.ms/v/s!AqlaASx01sJzhpQ0yO5R1TttXnAJcw?e=LlqiHN
149,https://1drv.ms/v/s!AqlaASx01sJzhpQ2EGpy_bm58nCvVg?e=hrEon6
150,https://1drv.ms/v/s!AqlaASx01sJzhpQzIoNhphGAljcE6A?e=xZAbhs
151,https://1drv.ms/v/s!AqlaASx01sJzhpQyhp-QOJNwNkR9xA?e=UCeLT4
152,https://1drv.ms/v/s!AqlaASx01sJzhpQxz5Y5Lhyb_mG3cQ?e=6YJGjf
153,https://1drv.ms/v/s!AqlaASx01sJzhpQwA9934S3oa2gWhg?e=3scnsn
154,https://1drv.ms/v/s!AqlaASx01sJzhpQu01BPXxypW-71bg?e=uPo7hD
155,https://1drv.ms/v/s!AqlaASx01sJzhpQvcOsOOhFBbhNnzA?e=vOb7ee
156,
157,
158,
159,
160,
161,
162,
163,
164,
165,
166,
167,
168,
169,
170,
171,
172,
173,
174,
175,
176,https://1drv.ms/v/s!AqlaASx01sJzhpQeQ_1vPJFIurR11Q?e=Ea4RDb
177,https://1drv.ms/v/s!AqlaASx01sJzhpQYxbSJamMrEaVs2g?e=MZ7WSP
178,https://1drv.ms/v/s!AqlaASx01sJzhpQX61JSaqbab8NIrg?e=HZnrnV
179,https://1drv.ms/v/s!AqlaASx01sJzhpQW4NdIqqlgCAgE5w?e=zTJe1L
180,https://1drv.ms/v/s!AqlaASx01sJzhpQV6I963w_Y604SNA?e=awvjBr
181,https://1drv.ms/v/s!AqlaASx01sJzhpQTeWKMG1tRDUa86A?e=SsgSiZ
182,https://1drv.ms/v/s!AqlaASx01sJzhpQR2SNv1U5Bc7zKZQ?e=rjKZgn
183,https://1drv.ms/v/s!AqlaASx01sJzhpQSCECpARe_GDB3Hw?e=o23jL9
184,https://1drv.ms/v/s!AqlaASx01sJzhpQNPhmnjl0pFaMdbg?e=25z2qE
185,https://1drv.ms/v/s!AqlaASx01sJzhpQOV4OuParNrt5ISA?e=do6o1P
186,https://1drv.ms/v/s!AqlaASx01sJzhpQMixA446GrW6uvMQ?e=5lPxnS
187,https://1drv.ms/v/s!AqlaASx01sJzhpQQYNLBo9hl8GslXA?e=vBaai8
188,https://1drv.ms/v/s!AqlaASx01sJzhpQPRYn-HKyn3z30Nw?e=94OCRd
189,https://1drv.ms/v/s!AqlaASx01sJzhpQLxhC3ZUfRibd8uA?e=Y5lL5H
190,https://1drv.ms/v/s!AqlaASx01sJzhpQKICshp7abhe3-5g?e=sFY7Pf
191,https://1drv.ms/v/s!AqlaASx01sJzhpQH0JyxOEVy5Jk3sA?e=5EvgWg
192,https://1drv.ms/v/s!AqlaASx01sJzhpQJctjizez9c4Cvuw?e=aTkY70
193,https://1drv.ms/v/s!AqlaASx01sJzhpQIeA-SgXo22ySe6w?e=7ZmA1h
194,https://1drv.ms/v/s!AqlaASx01sJzhpQGJBqZAKPQMWk-1A?e=TjX0uc
195,https://1drv.ms/v/s!AqlaASx01sJzhpQEvANPqLi9QJBHvg?e=E0lBRm
196,https://1drv.ms/v/s!AqlaASx01sJzhpQFbFDTCpK1BjAB1A?e=wdhOks
197,https://1drv.ms/v/s!AqlaASx01sJzhpQBkMy2IOEFAlb4Dg?e=07bTQS
198,
199,
200,
201,
202,
203,
204,
205,
206,
207,
208,
209,
210,
211,
212,
213,
214,
215,
216,
217,
218,
219,
220,
221,
222,
223,
224,